SchmalzEcbpi_PowerOffDevice,15001,Method
SchmalzEcbpi_PowerOffDevice_InputArguments,15002,Variable
SchmalzEcbpi_GripPoints,15003,Object
SchmalzEcbpi_GripPoints_VaccumPoint,15004,Object
SchmalzEcbpi_GripPoints_VaccumPoint_Type,15005,Variable
SchmalzEcbpi_GripPoints_VaccumPoint_Offset,15006,Variable
SchmalzEcbpi_GripPoints_VaccumPoint_Offset_CartesianCoordinates,15007,Variable
SchmalzEcbpi_GripPoints_VaccumPoint_Offset_CartesianCoordinates_LengthUnit,15008,Variable
SchmalzEcbpi_GripPoints_VaccumPoint_Offset_Orientation,15009,Variable
SchmalzEcbpi_GripPoints_VaccumPoint_Offset_Orientation_AngleUnit,15010,Variable
SchmalzEcbpi_GripPoints_VaccumPoint_Offset_Constant,15011,Variable
SchmalzEcbpi_GripPoints_VaccumPoint_Offset_BaseFrame,15012,Variable
SchmalzEcbpi_GripPoints_VaccumPoint_Offset_FixedBase,15013,Variable
SchmalzEcbpi_GripPoints_VaccumPoint_Offset_CartesianCoordinates_X,15014,Variable
SchmalzEcbpi_GripPoints_VaccumPoint_Offset_CartesianCoordinates_Y,15015,Variable
SchmalzEcbpi_GripPoints_VaccumPoint_Offset_CartesianCoordinates_Z,15016,Variable
SchmalzEcbpi_GripPoints_VaccumPoint_Offset_Orientation_A,15017,Variable
SchmalzEcbpi_GripPoints_VaccumPoint_Offset_Orientation_B,15018,Variable
SchmalzEcbpi_GripPoints_VaccumPoint_Offset_Orientation_C,15019,Variable
SchmalzEcbpi_Status,15020,Object
SchmalzEcbpi_Status_PartPresent,15021,Variable
SchmalzEcbpi_Status_PartDetached,15022,Variable
SchmalzEcbpi_Status_VacuumLive,15023,Variable
SchmalzEcbpi_Status_TemperatureLive,15024,Variable
SchmalzEcbpi_Status_InControlRange,15025,Variable
SchmalzEcbpi_Status_LeakageRate,15026,Variable
SchmalzEcbpiType,15230,ObjectType
SchmalzEcbpiType_ParameterSet,15231,Object
SchmalzEcbpiType_ParameterSet_ParameterIdentifier,15232,Variable
SchmalzEcbpiType_MethodSet,15233,Object
SchmalzEcbpiType_MethodSet_MethodIdentifier,15234,Method
SchmalzEcbpiType_GroupIdentifier,15235,Object
SchmalzEcbpiType_GroupIdentifier_UIElement,15236,Variable
SchmalzEcbpiType_Identification,15237,Object
SchmalzEcbpiType_Identification_UIElement,15238,Variable
SchmalzEcbpiType_Lock,15239,Object
SchmalzEcbpiType_Lock_Locked,15240,Variable
SchmalzEcbpiType_Lock_LockingClient,15241,Variable
SchmalzEcbpiType_Lock_LockingUser,15242,Variable
SchmalzEcbpiType_Lock_RemainingLockTime,15243,Variable
SchmalzEcbpiType_Lock_InitLock,15244,Method
SchmalzEcbpiType_Lock_InitLock_InputArguments,15245,Variable
SchmalzEcbpiType_Lock_InitLock_OutputArguments,15246,Variable
SchmalzEcbpiType_Lock_RenewLock,15247,Method
SchmalzEcbpiType_Lock_RenewLock_OutputArguments,15248,Variable
SchmalzEcbpiType_Lock_ExitLock,15249,Method
SchmalzEcbpiType_Lock_ExitLock_OutputArguments,15250,Variable
SchmalzEcbpiType_Lock_BreakLock,15251,Method
SchmalzEcbpiType_Lock_BreakLock_OutputArguments,15252,Variable
SchmalzEcbpiType_Manufacturer,15253,Variable
SchmalzEcbpiType_ManufacturerUri,15254,Variable
SchmalzEcbpiType_Model,15255,Variable
SchmalzEcbpiType_HardwareRevision,15256,Variable
SchmalzEcbpiType_SoftwareRevision,15257,Variable
SchmalzEcbpiType_DeviceRevision,15258,Variable
SchmalzEcbpiType_ProductCode,15259,Variable
SchmalzEcbpiType_DeviceManual,15260,Variable
SchmalzEcbpiType_DeviceClass,15261,Variable
SchmalzEcbpiType_SerialNumber,15262,Variable
SchmalzEcbpiType_ProductInstanceUri,15263,Variable
SchmalzEcbpiType_RevisionCounter,15264,Variable
SchmalzEcbpiType_AssetId,15265,Variable
SchmalzEcbpiType_ComponentName,15266,Variable
SchmalzEcbpiType_CPIdentifier,15267,Object
SchmalzEcbpiType_CPIdentifier_ParameterSet,15268,Object
SchmalzEcbpiType_CPIdentifier_ParameterSet_ParameterIdentifier,15269,Variable
SchmalzEcbpiType_CPIdentifier_MethodSet,15270,Object
SchmalzEcbpiType_CPIdentifier_MethodSet_MethodIdentifier,15271,Method
SchmalzEcbpiType_CPIdentifier_Identification,15272,Object
SchmalzEcbpiType_CPIdentifier_Identification_UIElement,15273,Variable
SchmalzEcbpiType_CPIdentifier_Lock,15274,Object
SchmalzEcbpiType_CPIdentifier_Lock_Locked,15275,Variable
SchmalzEcbpiType_CPIdentifier_Lock_LockingClient,15276,Variable
SchmalzEcbpiType_CPIdentifier_Lock_LockingUser,15277,Variable
SchmalzEcbpiType_CPIdentifier_Lock_RemainingLockTime,15278,Variable
SchmalzEcbpiType_CPIdentifier_Lock_InitLock,15279,Method
SchmalzEcbpiType_CPIdentifier_Lock_InitLock_InputArguments,15280,Variable
SchmalzEcbpiType_CPIdentifier_Lock_InitLock_OutputArguments,15281,Variable
SchmalzEcbpiType_CPIdentifier_Lock_RenewLock,15282,Method
SchmalzEcbpiType_CPIdentifier_Lock_RenewLock_OutputArguments,15283,Variable
SchmalzEcbpiType_CPIdentifier_Lock_ExitLock,15284,Method
SchmalzEcbpiType_CPIdentifier_Lock_ExitLock_OutputArguments,15285,Variable
SchmalzEcbpiType_CPIdentifier_Lock_BreakLock,15286,Method
SchmalzEcbpiType_CPIdentifier_Lock_BreakLock_OutputArguments,15287,Variable
SchmalzEcbpiType_CPIdentifier_NetworkAddress,15288,Object
SchmalzEcbpiType_CPIdentifier_NetworkAddress_UIElement,15289,Variable
SchmalzEcbpiType_DeviceHealth,15290,Variable
SchmalzEcbpiType_DeviceHealthAlarms,15291,Object
SchmalzEcbpiType_DeviceTypeImage,15292,Object
SchmalzEcbpiType_DeviceTypeImage_ImageIdentifier,15293,Variable
SchmalzEcbpiType_Documentation,15294,Object
SchmalzEcbpiType_Documentation_DocumentIdentifier,15295,Variable
SchmalzEcbpiType_ProtocolSupport,15296,Object
SchmalzEcbpiType_ProtocolSupport_ProtocolSupportIdentifier,15297,Variable
SchmalzEcbpiType_ImageSet,15298,Object
SchmalzEcbpiType_ImageSet_ImageIdentifier,15299,Variable
SchmalzEcbpi,15300,Object
SchmalzEcbpi_ParameterSet,15301,Object
SchmalzEcbpi_ParameterSet_ParameterIdentifier,15302,Variable
SchmalzEcbpi_MethodSet,15303,Object
SchmalzEcbpi_MethodSet_MethodIdentifier,15304,Method
SchmalzEcbpi_GroupIdentifier,15305,Object
SchmalzEcbpi_GroupIdentifier_UIElement,15306,Variable
SchmalzEcbpi_Identification,15307,Object
SchmalzEcbpi_Identification_UIElement,15308,Variable
SchmalzEcbpi_Lock,15309,Object
SchmalzEcbpi_Lock_Locked,15310,Variable
SchmalzEcbpi_Lock_LockingClient,15311,Variable
SchmalzEcbpi_Lock_LockingUser,15312,Variable
SchmalzEcbpi_Lock_RemainingLockTime,15313,Variable
SchmalzEcbpi_Lock_InitLock,15314,Method
SchmalzEcbpi_Lock_InitLock_InputArguments,15315,Variable
SchmalzEcbpi_Lock_InitLock_OutputArguments,15316,Variable
SchmalzEcbpi_Lock_RenewLock,15317,Method
SchmalzEcbpi_Lock_RenewLock_OutputArguments,15318,Variable
SchmalzEcbpi_Lock_ExitLock,15319,Method
SchmalzEcbpi_Lock_ExitLock_OutputArguments,15320,Variable
SchmalzEcbpi_Lock_BreakLock,15321,Method
SchmalzEcbpi_Lock_BreakLock_OutputArguments,15322,Variable
SchmalzEcbpi_Manufacturer,15323,Variable
SchmalzEcbpi_ManufacturerUri,15324,Variable
SchmalzEcbpi_Model,15325,Variable
SchmalzEcbpi_HardwareRevision,15326,Variable
SchmalzEcbpi_SoftwareRevision,15327,Variable
SchmalzEcbpi_DeviceRevision,15328,Variable
SchmalzEcbpi_ProductCode,15329,Variable
SchmalzEcbpi_DeviceManual,15330,Variable
SchmalzEcbpi_DeviceClass,15331,Variable
SchmalzEcbpi_SerialNumber,15332,Variable
SchmalzEcbpi_ProductInstanceUri,15333,Variable
SchmalzEcbpi_RevisionCounter,15334,Variable
SchmalzEcbpi_AssetId,15335,Variable
SchmalzEcbpi_ComponentName,15336,Variable
SchmalzEcbpi_CPIdentifier,15337,Object
SchmalzEcbpi_CPIdentifier_ParameterSet,15338,Object
SchmalzEcbpi_CPIdentifier_ParameterSet_ParameterIdentifier,15339,Variable
SchmalzEcbpi_CPIdentifier_MethodSet,15340,Object
SchmalzEcbpi_CPIdentifier_MethodSet_MethodIdentifier,15341,Method
SchmalzEcbpi_CPIdentifier_Identification,15342,Object
SchmalzEcbpi_CPIdentifier_Identification_UIElement,15343,Variable
SchmalzEcbpi_CPIdentifier_Lock,15344,Object
SchmalzEcbpi_CPIdentifier_Lock_Locked,15345,Variable
SchmalzEcbpi_CPIdentifier_Lock_LockingClient,15346,Variable
SchmalzEcbpi_CPIdentifier_Lock_LockingUser,15347,Variable
SchmalzEcbpi_CPIdentifier_Lock_RemainingLockTime,15348,Variable
SchmalzEcbpi_CPIdentifier_Lock_InitLock,15349,Method
SchmalzEcbpi_CPIdentifier_Lock_InitLock_InputArguments,15350,Variable
SchmalzEcbpi_CPIdentifier_Lock_InitLock_OutputArguments,15351,Variable
SchmalzEcbpi_CPIdentifier_Lock_RenewLock,15352,Method
SchmalzEcbpi_CPIdentifier_Lock_RenewLock_OutputArguments,15353,Variable
SchmalzEcbpi_CPIdentifier_Lock_ExitLock,15354,Method
SchmalzEcbpi_CPIdentifier_Lock_ExitLock_OutputArguments,15355,Variable
SchmalzEcbpi_CPIdentifier_Lock_BreakLock,15356,Method
SchmalzEcbpi_CPIdentifier_Lock_BreakLock_OutputArguments,15357,Variable
SchmalzEcbpi_CPIdentifier_NetworkAddress,15358,Object
SchmalzEcbpi_CPIdentifier_NetworkAddress_UIElement,15359,Variable
SchmalzEcbpi_DeviceHealth,15360,Variable
SchmalzEcbpi_DeviceHealthAlarms,15361,Object
SchmalzEcbpi_DeviceTypeImage,15362,Object
SchmalzEcbpi_DeviceTypeImage_ImageIdentifier,15363,Variable
SchmalzEcbpi_Documentation,15364,Object
SchmalzEcbpi_Documentation_DocumentIdentifier,15365,Variable
SchmalzEcbpi_ProtocolSupport,15366,Object
SchmalzEcbpi_ProtocolSupport_ProtocolSupportIdentifier,15367,Variable
SchmalzEcbpi_ImageSet,15368,Object
SchmalzEcbpi_ImageSet_ImageIdentifier,15369,Variable
SchmalzEcbpi_Skills,15370,Object
SchmalzEcbpi_Skills_ReleaseGripperSkill,15371,Object
SchmalzEcbpi_Skills_ReleaseGripperSkill_CurrentState,15372,Variable
SchmalzEcbpi_Skills_ReleaseGripperSkill_CurrentState_Id,15373,Variable
SchmalzEcbpi_Skills_ReleaseGripperSkill_CurrentState_Name,15374,Variable
SchmalzEcbpi_Skills_ReleaseGripperSkill_CurrentState_Number,15375,Variable
SchmalzEcbpi_Skills_ReleaseGripperSkill_CurrentState_EffectiveDisplayName,15376,Variable
SchmalzEcbpi_Skills_ReleaseGripperSkill_LastTransition,15377,Variable
SchmalzEcbpi_Skills_ReleaseGripperSkill_LastTransition_Id,15378,Variable
SchmalzEcbpi_Skills_ReleaseGripperSkill_LastTransition_Name,15379,Variable
SchmalzEcbpi_Skills_ReleaseGripperSkill_LastTransition_Number,15380,Variable
SchmalzEcbpi_Skills_ReleaseGripperSkill_LastTransition_TransitionTime,15381,Variable
SchmalzEcbpi_Skills_ReleaseGripperSkill_LastTransition_EffectiveTransitionTime,15382,Variable
SchmalzEcbpi_Skills_ReleaseGripperSkill_AvailableStates,15383,Variable
SchmalzEcbpi_Skills_ReleaseGripperSkill_AvailableTransitions,15384,Variable
SchmalzEcbpi_Skills_ReleaseGripperSkill_Deletable,15385,Variable
SchmalzEcbpi_Skills_ReleaseGripperSkill_AutoDelete,15386,Variable
SchmalzEcbpi_Skills_ReleaseGripperSkill_RecycleCount,15387,Variable
SchmalzEcbpi_Skills_ReleaseGripperSkill_ProgramDiagnostic,15388,Variable
SchmalzEcbpi_Skills_ReleaseGripperSkill_ProgramDiagnostic_CreateSessionId,15389,Variable
SchmalzEcbpi_Skills_ReleaseGripperSkill_ProgramDiagnostic_CreateClientName,15390,Variable
SchmalzEcbpi_Skills_ReleaseGripperSkill_ProgramDiagnostic_InvocationCreationTime,15391,Variable
SchmalzEcbpi_Skills_ReleaseGripperSkill_ProgramDiagnostic_LastTransitionTime,15392,Variable
SchmalzEcbpi_Skills_ReleaseGripperSkill_ProgramDiagnostic_LastMethodCall,15393,Variable
SchmalzEcbpi_Skills_ReleaseGripperSkill_ProgramDiagnostic_LastMethodSessionId,15394,Variable
SchmalzEcbpi_Skills_ReleaseGripperSkill_ProgramDiagnostic_LastMethodInputArguments,15395,Variable
SchmalzEcbpi_Skills_ReleaseGripperSkill_ProgramDiagnostic_LastMethodOutputArguments,15396,Variable
SchmalzEcbpi_Skills_ReleaseGripperSkill_ProgramDiagnostic_LastMethodInputValues,15397,Variable
SchmalzEcbpi_Skills_ReleaseGripperSkill_ProgramDiagnostic_LastMethodOutputValues,15398,Variable
SchmalzEcbpi_Skills_ReleaseGripperSkill_ProgramDiagnostic_LastMethodCallTime,15399,Variable
SchmalzEcbpi_Skills_ReleaseGripperSkill_ProgramDiagnostic_LastMethodReturnStatus,15400,Variable
SchmalzEcbpi_Skills_ReleaseGripperSkill_FinalResultData,15401,Object
SchmalzEcbpi_Skills_ReleaseGripperSkill_MaxInstanceCount,15402,Variable
SchmalzEcbpi_Skills_ReleaseGripperSkill_Halt,15403,Method
SchmalzEcbpi_Skills_ReleaseGripperSkill_Reset,15404,Method
SchmalzEcbpi_Skills_ReleaseGripperSkill_Resume,15405,Method
SchmalzEcbpi_Skills_ReleaseGripperSkill_Suspend,15406,Method
SchmalzEcbpi_Skills_ReleaseGripperSkill_Start,15407,Method
SchmalzEcbpi_Skills_ReleaseGripperSkill_ParameterSet,15408,Object
SchmalzEcbpi_Skills_ReleaseGripperSkill_ParameterSet_Force,15409,Variable
SchmalzEcbpi_Skills_ReleaseGripperSkill_ParameterSet_Force_Definition,15410,Variable
SchmalzEcbpi_Skills_ReleaseGripperSkill_ParameterSet_Force_ValuePrecision,15411,Variable
SchmalzEcbpi_Skills_ReleaseGripperSkill_ParameterSet_Force_InstrumentRange,15412,Variable
SchmalzEcbpi_Skills_ReleaseGripperSkill_ParameterSet_Force_EURange,15413,Variable
SchmalzEcbpi_Skills_ReleaseGripperSkill_ParameterSet_Force_EngineeringUnits,15414,Variable
SchmalzEcbpi_Skills_GraspGripperSkill,15415,Object
SchmalzEcbpi_Skills_GraspGripperSkill_CurrentState,15416,Variable
SchmalzEcbpi_Skills_GraspGripperSkill_CurrentState_Id,15417,Variable
SchmalzEcbpi_Skills_GraspGripperSkill_CurrentState_Name,15418,Variable
SchmalzEcbpi_Skills_GraspGripperSkill_CurrentState_Number,15419,Variable
SchmalzEcbpi_Skills_GraspGripperSkill_CurrentState_EffectiveDisplayName,15420,Variable
SchmalzEcbpi_Skills_GraspGripperSkill_LastTransition,15421,Variable
SchmalzEcbpi_Skills_GraspGripperSkill_LastTransition_Id,15422,Variable
SchmalzEcbpi_Skills_GraspGripperSkill_LastTransition_Name,15423,Variable
SchmalzEcbpi_Skills_GraspGripperSkill_LastTransition_Number,15424,Variable
SchmalzEcbpi_Skills_GraspGripperSkill_LastTransition_TransitionTime,15425,Variable
SchmalzEcbpi_Skills_GraspGripperSkill_LastTransition_EffectiveTransitionTime,15426,Variable
SchmalzEcbpi_Skills_GraspGripperSkill_AvailableStates,15427,Variable
SchmalzEcbpi_Skills_GraspGripperSkill_AvailableTransitions,15428,Variable
SchmalzEcbpi_Skills_GraspGripperSkill_Deletable,15429,Variable
SchmalzEcbpi_Skills_GraspGripperSkill_AutoDelete,15430,Variable
SchmalzEcbpi_Skills_GraspGripperSkill_RecycleCount,15431,Variable
SchmalzEcbpi_Skills_GraspGripperSkill_ProgramDiagnostic,15432,Variable
SchmalzEcbpi_Skills_GraspGripperSkill_ProgramDiagnostic_CreateSessionId,15433,Variable
SchmalzEcbpi_Skills_GraspGripperSkill_ProgramDiagnostic_CreateClientName,15434,Variable
SchmalzEcbpi_Skills_GraspGripperSkill_ProgramDiagnostic_InvocationCreationTime,15435,Variable
SchmalzEcbpi_Skills_GraspGripperSkill_ProgramDiagnostic_LastTransitionTime,15436,Variable
SchmalzEcbpi_Skills_GraspGripperSkill_ProgramDiagnostic_LastMethodCall,15437,Variable
SchmalzEcbpi_Skills_GraspGripperSkill_ProgramDiagnostic_LastMethodSessionId,15438,Variable
SchmalzEcbpi_Skills_GraspGripperSkill_ProgramDiagnostic_LastMethodInputArguments,15439,Variable
SchmalzEcbpi_Skills_GraspGripperSkill_ProgramDiagnostic_LastMethodOutputArguments,15440,Variable
SchmalzEcbpi_Skills_GraspGripperSkill_ProgramDiagnostic_LastMethodInputValues,15441,Variable
SchmalzEcbpi_Skills_GraspGripperSkill_ProgramDiagnostic_LastMethodOutputValues,15442,Variable
SchmalzEcbpi_Skills_GraspGripperSkill_ProgramDiagnostic_LastMethodCallTime,15443,Variable
SchmalzEcbpi_Skills_GraspGripperSkill_ProgramDiagnostic_LastMethodReturnStatus,15444,Variable
SchmalzEcbpi_Skills_GraspGripperSkill_FinalResultData,15445,Object
SchmalzEcbpi_Skills_GraspGripperSkill_MaxInstanceCount,15446,Variable
SchmalzEcbpi_Skills_GraspGripperSkill_Halt,15447,Method
SchmalzEcbpi_Skills_GraspGripperSkill_Reset,15448,Method
SchmalzEcbpi_Skills_GraspGripperSkill_Resume,15449,Method
SchmalzEcbpi_Skills_GraspGripperSkill_Suspend,15450,Method
SchmalzEcbpi_Skills_GraspGripperSkill_Start,15451,Method
SchmalzEcbpi_Skills_GraspGripperSkill_ParameterSet,15452,Object
SchmalzEcbpi_Skills_GraspGripperSkill_ParameterSet_Force,15453,Variable
SchmalzEcbpi_Skills_GraspGripperSkill_ParameterSet_Force_Definition,15454,Variable
SchmalzEcbpi_Skills_GraspGripperSkill_ParameterSet_Force_ValuePrecision,15455,Variable
SchmalzEcbpi_Skills_GraspGripperSkill_ParameterSet_Force_InstrumentRange,15456,Variable
SchmalzEcbpi_Skills_GraspGripperSkill_ParameterSet_Force_EURange,15457,Variable
SchmalzEcbpi_Skills_GraspGripperSkill_ParameterSet_Force_EngineeringUnits,15458,Variable
